bandwidth,validation_mean_cost,validation_mean_effective_n,is_best
0.2,0.17996689617164813,964.67,False
0.3,0.09677474129458905,2842.951,False
0.4,0.08588612687343121,2999.864,False
0.5,0.08342619212210724,3000.0,False
0.6,0.08227294574625992,3000.0,True
