bandwidth,validation_mean_cost,validation_mean_effective_n,is_best
0.2,0.17868907051502872,966.087,False
0.3,0.09806745702194566,2846.122,False
0.4,0.08501615445162898,2999.9,False
0.5,0.08325443654472224,3000.0,False
0.6,0.0827854584349169,3000.0,True
