bandwidth,validation_mean_cost,validation_mean_effective_n,is_best
0.2,0.18305194782018072,966.211,False
0.3,0.09907822564662148,2845.321,False
0.4,0.08743856835693203,2999.914,False
0.5,0.08519443094455414,3000.0,False
0.6,0.08437944511101551,3000.0,True
