bandwidth,validation_mean_cost,validation_mean_effective_n,is_best
0.2,0.17716229082117435,958.31,False
0.3,0.09837441413981685,2841.581,False
0.4,0.08823594968224067,2999.846,False
0.5,0.08736804462492873,3000.0,False
0.6,0.08654681724408507,3000.0,True
