bandwidth,validation_mean_cost,validation_mean_effective_n,is_best
0.2,0.17506612082992987,967.655,False
0.3,0.09205405329980836,2844.18,False
0.4,0.08102290487085713,2999.904,False
0.5,0.0796815381141657,3000.0,False
0.6,0.0786596277877737,3000.0,True
