bandwidth,validation_mean_cost,validation_mean_effective_n,is_best
0.2,0.17900529645318966,960.273,False
0.3,0.09601753010111296,2837.038,False
0.4,0.08425070679400844,2999.88,False
0.5,0.0821098706891183,3000.0,False
0.6,0.0810716114751765,3000.0,True
