bandwidth,validation_mean_cost,validation_mean_effective_n,is_best
0.2,0.1650191108253834,973.403,False
0.3,0.09152662419952794,2845.257,False
0.4,0.08275924628047562,2999.861,False
0.5,0.08095060363178265,3000.0,False
0.6,0.08015899348072886,3000.0,True
