bandwidth,validation_mean_cost,validation_mean_effective_n,is_best
0.2,0.18665706197798962,970.993,False
0.3,0.10187206170940712,2842.854,False
0.4,0.0881551157077594,2999.87,False
0.5,0.08505136575295853,3000.0,False
0.6,0.08402676348775072,3000.0,True
