bandwidth,validation_mean_cost,validation_mean_effective_n,is_best
0.2,0.1733722513092609,941.186,False
0.3,0.09617964276778275,2832.871,False
0.4,0.08531495106133899,2999.875,False
0.5,0.08303255600208864,3000.0,False
0.6,0.08229914609723642,3000.0,True
