bandwidth,validation_mean_cost,validation_mean_effective_n,is_best
0.2,0.1763789324881403,965.883,False
0.3,0.09868106958495083,2841.398,False
0.4,0.08721704833564665,2999.875,False
0.5,0.08517502969217845,3000.0,False
0.6,0.08421211589450116,3000.0,True
