bandwidth,validation_mean_cost,validation_mean_effective_n,is_best
0.2,0.17957875903971782,945.197,False
0.3,0.09910155296890495,2843.103,False
0.4,0.08852640090950968,2999.918,False
0.5,0.08787678097298021,3000.0,False
0.6,0.0874240562575233,3000.0,True
