bandwidth,validation_mean_cost,validation_mean_effective_n,is_best
0.2,0.18430229042328627,958.527,False
0.3,0.10182418015403172,2839.614,False
0.4,0.09050676672343186,2999.922,False
0.5,0.08828967498633866,3000.0,False
0.6,0.08759490660646364,3000.0,True
