bandwidth,validation_mean_cost,validation_mean_effective_n,is_best
0.2,0.1846643828152733,950.569,False
0.3,0.099096925023355,2838.788,False
0.4,0.08652775075017519,2999.876,False
0.5,0.08413031654500708,3000.0,False
0.6,0.08322246274745623,3000.0,True
