bandwidth,validation_mean_cost,validation_mean_effective_n,is_best
0.2,0.1795463381355234,995.217,False
0.3,0.09750111013682582,2856.567,False
0.4,0.08683910285619344,2999.931,False
0.5,0.08555257478871772,3000.0,False
0.6,0.08540058824327536,3000.0,True
