bandwidth,validation_mean_cost,validation_mean_effective_n,is_best
0.2,0.17055845210852386,983.389,False
0.3,0.09363339499727524,2847.008,False
0.4,0.08566821973803071,2999.938,False
0.5,0.08404671089420646,3000.0,False
0.6,0.08361026295785237,3000.0,True
