bandwidth,validation_mean_cost,validation_mean_effective_n,is_best
0.2,0.18213317672851592,963.37,False
0.3,0.09670690696539642,2841.919,False
0.4,0.08614413380964295,2999.904,False
0.5,0.08394597636837144,3000.0,False
0.6,0.08324294731866592,3000.0,True
