bandwidth,validation_mean_cost,validation_mean_effective_n,is_best
0.2,0.1862625107339636,976.704,False
0.3,0.09825401056280156,2850.69,False
0.4,0.08656703615456944,2999.912,False
0.5,0.08577382360683027,3000.0,False
0.6,0.0851562492768459,3000.0,True
