bandwidth,validation_mean_cost,validation_mean_effective_n,is_best
0.2,0.17516461931537733,986.382,False
0.3,0.09732377627654663,2847.715,False
0.4,0.08632000774340887,2999.927,False
0.5,0.08477682697379364,3000.0,False
0.6,0.08410875776386331,3000.0,True
