bandwidth,validation_mean_cost,validation_mean_effective_n,is_best
0.2,0.17902596557151249,964.035,False
0.3,0.10202938130975227,2839.186,False
0.4,0.089527824762302,2999.887,False
0.5,0.08756504366039118,3000.0,False
0.6,0.08645167522924485,3000.0,True
