query_point,estimated_slope,intercept,r_squared,theoretical_slope,slope_difference
0.25,-0.8500678444404227,-1.7646287244492231,0.9818220116380448,-0.8333333333333334,-0.016734511107089345
0.5,-0.8086136983702572,-2.0427804190931673,0.981999793376584,-0.8333333333333334,0.024719634963076165
0.75,-0.8168742431842082,-1.9945869389735995,0.9948957237929413,-0.8333333333333334,0.016459090149125166
