bandwidth,validation_mean_cost,validation_mean_effective_n,is_best
0.2,0.1776027998776823,925.791,False
0.3,0.09489604705857953,2830.198,False
0.4,0.08381116193688228,2999.889,False
0.5,0.0819811128495472,3000.0,False
0.6,0.08145422251331302,3000.0,True
